{"mean":{"confidence_interval":{"confidence_level":0.95,"lower_bound":1399.5774652232367,"upper_bound":1404.1871270296926},"point_estimate":1401.291682742222,"standard_error":1.2815525677590585},"median":{"confidence_interval":{"confidence_level":0.95,"lower_bound":1399.2469701846271,"upper_bound":1400.2965639660201},"point_estimate":1399.599096765624,"standard_error":0.2777961776215365},"median_abs_dev":{"confidence_interval":{"confidence_level":0.95,"lower_bound":1.6280939280953493,"upper_bound":2.818997974305189},"point_estimate":2.2382150111154893,"standard_error":0.3053044282347952},"slope":{"confidence_interval":{"confidence_level":0.95,"lower_bound":1400.1180925867357,"upper_bound":1401.3107413847238},"point_estimate":1400.7038623403962,"standard_error":0.30457839112478197},"std_dev":{"confidence_interval":{"confidence_level":0.95,"lower_bound":2.5358526382802262,"upper_bound":21.725298587584533},"point_estimate":12.904995913930406,"standard_error":6.56782893666399}}