{"mean":{"confidence_interval":{"confidence_level":0.95,"lower_bound":-0.0043714650251792265,"upper_bound":0.0036024487906507353},"point_estimate":-0.000019056408407380765,"standard_error":0.002032236867478828},"median":{"confidence_interval":{"confidence_level":0.95,"lower_bound":0.0008138682545628662,"upper_bound":0.00260535789579297},"point_estimate":0.0015000686461603685,"standard_error":0.0004371485536397708}}