{"mean":{"confidence_interval":{"confidence_level":0.95,"lower_bound":0.0012115195290632657,"upper_bound":0.009089388569130523},"point_estimate":0.005656303211159397,"standard_error":0.0020103177802281583},"median":{"confidence_interval":{"confidence_level":0.95,"lower_bound":0.006091880346734019,"upper_bound":0.008145919635619947},"point_estimate":0.006860625930959596,"standard_error":0.0005186890732047873}}