{"mean":{"confidence_interval":{"confidence_level":0.95,"lower_bound":0.015467420512239744,"upper_bound":0.05602058789066542},"point_estimate":0.0353391086745527,"standard_error":0.010352691622346564},"median":{"confidence_interval":{"confidence_level":0.95,"lower_bound":0.008242937285784624,"upper_bound":0.06109540276055059},"point_estimate":0.02688907048172462,"standard_error":0.01295124134337478}}