{"mean":{"confidence_interval":{"confidence_level":0.95,"lower_bound":-0.008016876120379697,"upper_bound":0.03879597326930606},"point_estimate":0.014637940275259886,"standard_error":0.012015562714237205},"median":{"confidence_interval":{"confidence_level":0.95,"lower_bound":-0.022574042544986628,"upper_bound":0.0496542611074835},"point_estimate":0.014972481673338534,"standard_error":0.017272285867130224}}