{"mean":{"confidence_interval":{"confidence_level":0.95,"lower_bound":0.01887947775127561,"upper_bound":0.022447764461840578},"point_estimate":0.020674224223398152,"standard_error":0.0009015053126308441},"median":{"confidence_interval":{"confidence_level":0.95,"lower_bound":0.019046876842442773,"upper_bound":0.021360837616887673},"point_estimate":0.02007531603692736,"standard_error":0.000553365754409112}}