{"mean":{"confidence_interval":{"confidence_level":0.95,"lower_bound":0.007304791153466834,"upper_bound":0.011786506314991068},"point_estimate":0.009223578943630573,"standard_error":0.0011100510193039043},"median":{"confidence_interval":{"confidence_level":0.95,"lower_bound":0.008355181083259833,"upper_bound":0.009373498915689298},"point_estimate":0.008806988224061119,"standard_error":0.00026393780359410945}}