{"mean":{"confidence_interval":{"confidence_level":0.95,"lower_bound":-0.013821359790723187,"upper_bound":0.0002368399686180257},"point_estimate":-0.00668687475654417,"standard_error":0.003587320592295421},"median":{"confidence_interval":{"confidence_level":0.95,"lower_bound":-0.014554736064994578,"upper_bound":0.002820330132502491},"point_estimate":-0.002781543555466892,"standard_error":0.004366285633773089}}