{"mean":{"confidence_interval":{"confidence_level":0.95,"lower_bound":-0.012912023938788082,"upper_bound":0.003123269910110537},"point_estimate":-0.005049420811117589,"standard_error":0.004078061334726904},"median":{"confidence_interval":{"confidence_level":0.95,"lower_bound":-0.013204520887766687,"upper_bound":0.0017743979258384446},"point_estimate":-0.0012815589399619576,"standard_error":0.0038561298628078562}}