{"mean":{"confidence_interval":{"confidence_level":0.95,"lower_bound":-0.11197571444546797,"upper_bound":-0.05907335965299434},"point_estimate":-0.08560933005946958,"standard_error":0.013385866061937828},"median":{"confidence_interval":{"confidence_level":0.95,"lower_bound":-0.10508854023284353,"upper_bound":-0.05936685266510899},"point_estimate":-0.07788928018883434,"standard_error":0.010589375623834111}}