{"mean":{"confidence_interval":{"confidence_level":0.95,"lower_bound":-0.0879829804568102,"upper_bound":-0.04136792751488068},"point_estimate":-0.06421114414804652,"standard_error":0.011926121865129478},"median":{"confidence_interval":{"confidence_level":0.95,"lower_bound":-0.08690639495711172,"upper_bound":-0.03869965668034492},"point_estimate":-0.053582251000911296,"standard_error":0.011949483117371424}}