{"mean":{"confidence_interval":{"confidence_level":0.95,"lower_bound":-0.00849634403875818,"upper_bound":-0.0003516102501509729},"point_estimate":-0.005015809777704439,"standard_error":0.002096781817659616},"median":{"confidence_interval":{"confidence_level":0.95,"lower_bound":-0.011667388045629057,"upper_bound":-0.006376179224852563},"point_estimate":-0.008930732870897296,"standard_error":0.0015781145575895382}}