{"mean":{"confidence_interval":{"confidence_level":0.95,"lower_bound":0.024261098152388576,"upper_bound":0.035425683519098417},"point_estimate":0.02876214855729997,"standard_error":0.002939444192878454},"median":{"confidence_interval":{"confidence_level":0.95,"lower_bound":0.022068547500432523,"upper_bound":0.02680288411601328},"point_estimate":0.024677490564667393,"standard_error":0.0014722804998795033}}