{"mean":{"confidence_interval":{"confidence_level":0.95,"lower_bound":-0.04207948540471906,"upper_bound":0.09450370059709336},"point_estimate":0.024178144720535588,"standard_error":0.03480701232970239},"median":{"confidence_interval":{"confidence_level":0.95,"lower_bound":-0.08781733151239979,"upper_bound":0.14130170225528182},"point_estimate":0.01749626980154617,"standard_error":0.060091253887900424}}