{"mean":{"confidence_interval":{"confidence_level":0.95,"lower_bound":0.011433721862613109,"upper_bound":0.14653343479197545},"point_estimate":0.07699145796324092,"standard_error":0.03439792011138752},"median":{"confidence_interval":{"confidence_level":0.95,"lower_bound":-0.02498176940084995,"upper_bound":0.19163726458835062},"point_estimate":0.07941660748622148,"standard_error":0.05694700138801257}}