{"mean":{"confidence_interval":{"confidence_level":0.95,"lower_bound":0.019048483829278325,"upper_bound":0.022878265444160006},"point_estimate":0.02082221677924867,"standard_error":0.0009828930397978526},"median":{"confidence_interval":{"confidence_level":0.95,"lower_bound":0.019487167407794548,"upper_bound":0.02172664689635262},"point_estimate":0.0205517982519392,"standard_error":0.0006004438136082424}}