{"mean":{"confidence_interval":{"confidence_level":0.95,"lower_bound":-0.000200137516227333,"upper_bound":0.006263119733974327},"point_estimate":0.002413713608900414,"standard_error":0.0016749666882584805},"median":{"confidence_interval":{"confidence_level":0.95,"lower_bound":-0.0007093944142531061,"upper_bound":0.002125112157631115},"point_estimate":0.0007167024363976537,"standard_error":0.0007244683624392632}}