{"mean":{"confidence_interval":{"confidence_level":0.95,"lower_bound":-0.0027004199230108348,"upper_bound":0.003955628042011141},"point_estimate":0.00006887708566161166,"standard_error":0.001711099993777682},"median":{"confidence_interval":{"confidence_level":0.95,"lower_bound":-0.001022123169086453,"upper_bound":0.0014321926389565748},"point_estimate":0.00009062898715450629,"standard_error":0.0006764166706473774}}