{"mean":{"confidence_interval":{"confidence_level":0.95,"lower_bound":0.01725721634210477,"upper_bound":0.02215444148340239},"point_estimate":0.019639952701683283,"standard_error":0.0012467214122625218},"median":{"confidence_interval":{"confidence_level":0.95,"lower_bound":0.018495514438862326,"upper_bound":0.0214603283489323},"point_estimate":0.020120476037677193,"standard_error":0.0007758715966826483}}