{"mean":{"confidence_interval":{"confidence_level":0.95,"lower_bound":-0.011043786411566104,"upper_bound":-0.0037625998906223924},"point_estimate":-0.007119296523596108,"standard_error":0.001854296986682827},"median":{"confidence_interval":{"confidence_level":0.95,"lower_bound":-0.009633666054421952,"upper_bound":-0.0033022587440953988},"point_estimate":-0.005226435176064248,"standard_error":0.0017515123882081568}}