{"mean":{"confidence_interval":{"confidence_level":0.95,"lower_bound":-0.015425088235334316,"upper_bound":-0.005936662617214001},"point_estimate":-0.010891742593047038,"standard_error":0.002370503625995324},"median":{"confidence_interval":{"confidence_level":0.95,"lower_bound":-0.012984540506628783,"upper_bound":-0.007328353683458633},"point_estimate":-0.008569011111086322,"standard_error":0.001636371652138213}}