{"mean":{"confidence_interval":{"confidence_level":0.95,"lower_bound":-0.001761971651083571,"upper_bound":0.0018540556408984381},"point_estimate":-0.00011650325452361443,"standard_error":0.0009281163328539089},"median":{"confidence_interval":{"confidence_level":0.95,"lower_bound":-0.0009408305849328835,"upper_bound":0.00033575932777552},"point_estimate":-0.0001705114151515641,"standard_error":0.00031803356203656465}}