{"mean":{"confidence_interval":{"confidence_level":0.95,"lower_bound":0.010107028708900461,"upper_bound":0.013459217788616605},"point_estimate":0.01174131244470411,"standard_error":0.0008455332484672755},"median":{"confidence_interval":{"confidence_level":0.95,"lower_bound":0.010319311150107868,"upper_bound":0.01181903606543328},"point_estimate":0.011121883375446062,"standard_error":0.0003721532065014792}}