{"mean":{"confidence_interval":{"confidence_level":0.95,"lower_bound":0.019570419397129977,"upper_bound":0.026943682059487887},"point_estimate":0.023832881722296806,"standard_error":0.001899028238089033},"median":{"confidence_interval":{"confidence_level":0.95,"lower_bound":0.025287342429500814,"upper_bound":0.026823445504416066},"point_estimate":0.026143708949259326,"standard_error":0.0003833295307480118}}