{"mean":{"confidence_interval":{"confidence_level":0.95,"lower_bound":-0.006304606344468274,"upper_bound":0.003476717564914258},"point_estimate":-0.0015396122280574298,"standard_error":0.002476743794647405},"median":{"confidence_interval":{"confidence_level":0.95,"lower_bound":-0.0037240365121053998,"upper_bound":-0.0007309343744764663},"point_estimate":-0.0023728584213331683,"standard_error":0.0007080785506934858}}