{"mean":{"confidence_interval":{"confidence_level":0.95,"lower_bound":509992.60658810247,"upper_bound":556922.9611746988},"point_estimate":533449.2918373494,"standard_error":12054.92828233231},"median":{"confidence_interval":{"confidence_level":0.95,"lower_bound":490864.4457831325,"upper_bound":574764.4096385542},"point_estimate":536931.8343373494,"standard_error":24720.192407099763},"median_abs_dev":{"confidence_interval":{"confidence_level":0.95,"lower_bound":4349.9304601226695,"upper_bound":63190.25184757647},"point_estimate":58976.900997800054,"standard_error":17299.093745364193},"slope":{"confidence_interval":{"confidence_level":0.95,"lower_bound":496156.9244324775,"upper_bound":537256.1169057656},"point_estimate":510149.6083242059,"standard_error":10603.676576022897},"std_dev":{"confidence_interval":{"confidence_level":0.95,"lower_bound":27336.986108227567,"upper_bound":45585.236617640476},"point_estimate":40199.84921876572,"standard_error":4746.024663337095}}