{"mean":{"confidence_interval":{"confidence_level":0.95,"lower_bound":0.011666012209301005,"upper_bound":0.01945234799613359},"point_estimate":0.016302124000062923,"standard_error":0.002035485484778858},"median":{"confidence_interval":{"confidence_level":0.95,"lower_bound":0.016927343027147712,"upper_bound":0.01900921631914443},"point_estimate":0.017887885881962218,"standard_error":0.0005711990548514466}}