{"mean":{"confidence_interval":{"confidence_level":0.95,"lower_bound":-0.0042659736182589555,"upper_bound":0.005107996676492847},"point_estimate":0.0008585678163102184,"standard_error":0.0023438217213508188},"median":{"confidence_interval":{"confidence_level":0.95,"lower_bound":-0.000044095504028831405,"upper_bound":0.003694094056066133},"point_estimate":0.002273574311504767,"standard_error":0.0009034471542332025}}