{"mean":{"confidence_interval":{"confidence_level":0.95,"lower_bound":-0.01105834145824205,"upper_bound":0.022984126394766324},"point_estimate":0.0050543618043144,"standard_error":0.00867437438619064},"median":{"confidence_interval":{"confidence_level":0.95,"lower_bound":-0.019861281515924922,"upper_bound":0.028678561255169432},"point_estimate":0.005995690130704334,"standard_error":0.014104151194219023}}