{"mean":{"confidence_interval":{"confidence_level":0.95,"lower_bound":-0.013760907578221328,"upper_bound":0.03156383567596398},"point_estimate":0.007810230536249074,"standard_error":0.011571799271602323},"median":{"confidence_interval":{"confidence_level":0.95,"lower_bound":-0.028800079000901202,"upper_bound":0.032364593389861085},"point_estimate":0.006488034572434298,"standard_error":0.016179251727080655}}