{"mean":{"confidence_interval":{"confidence_level":0.95,"lower_bound":0.011717712031532884,"upper_bound":0.018878684351405155},"point_estimate":0.014962077556172071,"standard_error":0.0017879214923199039},"median":{"confidence_interval":{"confidence_level":0.95,"lower_bound":0.013166027411959158,"upper_bound":0.014624395411367175},"point_estimate":0.013956274878325514,"standard_error":0.00037679046618497794}}