{"mean":{"confidence_interval":{"confidence_level":0.95,"lower_bound":0.012450077519308106,"upper_bound":0.017847018745888447},"point_estimate":0.015203407272375014,"standard_error":0.0013513895729384026},"median":{"confidence_interval":{"confidence_level":0.95,"lower_bound":0.014028266567588377,"upper_bound":0.015375225257765468},"point_estimate":0.01479946881727967,"standard_error":0.0003525007519086517}}