{"mean":{"confidence_interval":{"confidence_level":0.95,"lower_bound":0.021944059041351743,"upper_bound":0.047769804954990135},"point_estimate":0.03254376983679874,"standard_error":0.00684206176799632},"median":{"confidence_interval":{"confidence_level":0.95,"lower_bound":0.019253766195899663,"upper_bound":0.021953146278432856},"point_estimate":0.020513106391160774,"standard_error":0.0007064101565126647}}