{"mean":{"confidence_interval":{"confidence_level":0.95,"lower_bound":0.004153368255782076,"upper_bound":0.008346253017938038},"point_estimate":0.006143228408827417,"standard_error":0.001067088520145715},"median":{"confidence_interval":{"confidence_level":0.95,"lower_bound":0.004174345269766335,"upper_bound":0.0061113050888124704},"point_estimate":0.00527464490820706,"standard_error":0.0004695146543149225}}