{"mean":{"confidence_interval":{"confidence_level":0.95,"lower_bound":-0.0683216043618928,"upper_bound":0.03871483481255401},"point_estimate":-0.011223055071448163,"standard_error":0.027634469356034645},"median":{"confidence_interval":{"confidence_level":0.95,"lower_bound":-0.04761396894976888,"upper_bound":0.06211199606989104},"point_estimate":0.02732334471323372,"standard_error":0.029569582501597677}}