{"mean":{"confidence_interval":{"confidence_level":0.95,"lower_bound":-0.09144968717829684,"upper_bound":0.015398204596118282},"point_estimate":-0.035655395988402616,"standard_error":0.027258815725505734},"median":{"confidence_interval":{"confidence_level":0.95,"lower_bound":-0.07512944763418161,"upper_bound":0.03830039284725828},"point_estimate":-0.03237619834971506,"standard_error":0.029889997224536287}}