{"mean":{"confidence_interval":{"confidence_level":0.95,"lower_bound":0.10073834907026973,"upper_bound":0.16431494353601048},"point_estimate":0.13449276120184028,"standard_error":0.01641587586147466},"median":{"confidence_interval":{"confidence_level":0.95,"lower_bound":0.1722439632688033,"upper_bound":0.1796704774403879},"point_estimate":0.17740292240980016,"standard_error":0.004935976710698379}}