{"mean":{"confidence_interval":{"confidence_level":0.95,"lower_bound":0.006792283208871836,"upper_bound":0.09620421965794528},"point_estimate":0.051957874302970275,"standard_error":0.0228440142451419},"median":{"confidence_interval":{"confidence_level":0.95,"lower_bound":-0.0006260396632695934,"upper_bound":0.1546074631278147},"point_estimate":0.09474044333512022,"standard_error":0.05080509033779111}}