{"mean":{"confidence_interval":{"confidence_level":0.95,"lower_bound":1359.1499778161362,"upper_bound":1367.1673506980524},"point_estimate":1362.118315916163,"standard_error":2.2142150592231276},"median":{"confidence_interval":{"confidence_level":0.95,"lower_bound":1357.4939154064273,"upper_bound":1359.6027740833588},"point_estimate":1358.4341716674217,"standard_error":0.5460940331093213},"median_abs_dev":{"confidence_interval":{"confidence_level":0.95,"lower_bound":2.703421093287139,"upper_bound":4.555251488421584},"point_estimate":3.7087727918576334,"standard_error":0.47066729667531015},"slope":{"confidence_interval":{"confidence_level":0.95,"lower_bound":1356.9547283496568,"upper_bound":1359.4542632289542},"point_estimate":1358.0086530702065,"standard_error":0.6477808699945574},"std_dev":{"confidence_interval":{"confidence_level":0.95,"lower_bound":4.182122340018832,"upper_bound":37.329490160488604},"point_estimate":22.211273183362206,"standard_error":11.219017308607734}}