{"mean":{"confidence_interval":{"confidence_level":0.95,"lower_bound":-0.00024830269558563086,"upper_bound":0.00015820613020301453},"point_estimate":-0.00005234513481666703,"standard_error":0.00010322238882011278},"median":{"confidence_interval":{"confidence_level":0.95,"lower_bound":-0.00019760814798891664,"upper_bound":0.00007538741256851722},"point_estimate":-0.00002451465228459071,"standard_error":0.00007364193385587697}}