{"mean":{"confidence_interval":{"confidence_level":0.95,"lower_bound":-0.000019352290894997208,"upper_bound":0.00046753572537296947},"point_estimate":0.0002132777774008776,"standard_error":0.00012428653669893506},"median":{"confidence_interval":{"confidence_level":0.95,"lower_bound":0.00007249125523500766,"upper_bound":0.00043747038082408984},"point_estimate":0.0002678801095683525,"standard_error":0.00009084122249575395}}