{"mean":{"confidence_interval":{"confidence_level":0.95,"lower_bound":0.014510922540418116,"upper_bound":0.02166998938887164},"point_estimate":0.01750346708995365,"standard_error":0.0018680427217224733},"median":{"confidence_interval":{"confidence_level":0.95,"lower_bound":0.013944192237337782,"upper_bound":0.016490506661940074},"point_estimate":0.015092484050404753,"standard_error":0.0006422672076734363}}