{"mean":{"confidence_interval":{"confidence_level":0.95,"lower_bound":-0.01657953233021998,"upper_bound":-0.010688761052113032},"point_estimate":-0.014096188677554133,"standard_error":0.001533185513688697},"median":{"confidence_interval":{"confidence_level":0.95,"lower_bound":-0.01702040681339856,"upper_bound":-0.01460563519915914},"point_estimate":-0.015961761376642403,"standard_error":0.0006370508770922495}}